"fl.nm","var.nm","ts.nm","min","25%.quant","median","mean","75%.quant","max","sd","mad","iqr.1","1%.quant","99%.quant","iqr.2","period.pgram","period.ar"
"TS_Object_1_Arab_Col-0_Track_190815-A.csv","growth_rate","raw",-0.0255884994364051,2.06151397542673,2.97459640496669,2.87421877917767,3.61277943079264,9.76615871174897,1.44479244862625,1.1322196799777,1.55126545536591,0.207522157527251,7.91606856819254,7.70854641066529,4.68,11.0888888888889
"TS_Object_1_Arab_Col-0_Track_190815-A.csv","growth_rate","smth",0.160796386631798,2.07495665129312,2.96796256318294,2.87421877917645,3.60975037236058,9.76143737496263,1.44112487362056,1.14013570058349,1.53479372106746,0.211651732471825,7.90944742548809,7.69779569301627,4.68,11.0888888888889
"TS_Object_1_Arab_Col-0_Track_190815-A.csv","growth_rate","osc",-2.94657796039751,-0.428173272150124,0.00416816354765884,-1.71634455026088e-17,0.422762758951391,4.29377420650011,0.844787084551974,0.630192868329165,0.850936031101516,-2.63504994950743,2.52451594193878,5.15956589144621,0.835714285714286,0.782745098039216
"TS_Object_1_Arab_Col-0_Track_190815-A.csv","growth_rate","trend",0.177824712410251,2.12463029236986,3.08622521540963,2.87421877917281,3.61253107207594,5.47703679272032,1.14770814148467,1.0539369041039,1.48790077970608,0.197866452414821,5.43544805736913,5.23758160495431,4.68,11.0888888888889
